"Sopandi","1"
"Drs. M. Aries Muthohar","2"
"Hindraswari Enggar D.","3"
"Engkus Kuswandi","4"
"Deny Hidayati","5"
"Suryati","6"
"Linda Christanty","7"
"Tri Yulianto","8"
"Dadan Ahmad S","9"
"Meidiana Frikasari","10"
"Nurul Khotimah","11"
"Kardono","12"
"Wiwik Winduarsih","13"
"Novriyanti","14"
"Sally Hewitt","15"
"Isiati","16"
"Ichsan Suwandhi","17"
"Yusuf Maulana","18"
"Yulia Nursetyawathie","19"
"G.Yudhipratama,S.T.","20"
"Rahmat Rukmana","21"
"Budi Samadi","22"
"Rahmat Rukmana","23"
"Wahju Muljana","24"
"Sugeng Supraptono","25"
"Tim. Pembina UKS","26"
"Aries Setiani","27"
"T. Muchtar Naesin","28"
"Iman Rahayu","29"
"Hadi Permana","30"
"Winarto","31"
"Budi Samadi","32"
"H.M.Rauf","33"
"Sarie","34"
"Dian Maliani Oktovina","35"
"Singgih Sastradihardja","36"
"Lafran habibi","37"
"Nurul Khotimah","38"
"Dedeh","39"
"Endyah Murniati","40"
"Andriyatie Poerwaningsih","41"
"Sugiarto","42"
"Meta Candra Satia","43"
